model,total,valid,valid_rate,issue_count,issues_per_valid_file
chatgpt,12,6,0.5,459,76.5
claude,12,6,0.5,709,118.16666666666667
claude_opus,9,0,0.0,91,91.0
copilot,12,7,0.5833333333333334,371,53.0
gemini,12,8,0.6666666666666666,1084,135.5
