model,total,valid,valid_rate,issue_count,issues_per_valid_file
chatgpt,107,107,1.0,11,0.102803738317757
claude,105,95,0.9047619047619048,51,0.5368421052631579
claude_opus,105,86,0.819047619047619,45,0.5232558139534884
copilot,94,37,0.39361702127659576,14,0.3783783783783784
gemini,107,102,0.9532710280373832,23,0.22549019607843138
