model,total,valid,valid_rate,issue_count,issues_per_valid_file
chatgpt,195,195,1.0,26,0.13333333333333333
claude,193,169,0.8756476683937824,102,0.6035502958579881
claude_opus,193,149,0.772020725388601,94,0.6308724832214765
copilot,182,45,0.24725274725274726,14,0.3111111111111111
gemini,195,140,0.717948717948718,37,0.2642857142857143
