model,total,valid,valid_rate,issue_count,issues_per_valid_file
chatgpt,11,5,0.45454545454545453,422,84.4
claude,11,5,0.45454545454545453,648,129.6
claude_opus,8,0,0.0,91,91.0
copilot,11,6,0.5454545454545454,282,47.0
gemini,11,8,0.7272727272727273,997,124.625
