model,total,valid,valid_rate
chatgpt,195,195,1.0
claude,193,169,0.8756476683937824
claude_opus,193,149,0.772020725388601
copilot,182,45,0.24725274725274726
gemini,195,140,0.717948717948718
