model,total,valid,valid_rate
chatgpt,107,107,1.0
claude,105,95,0.9047619047619048
claude_opus,105,86,0.819047619047619
copilot,94,37,0.39361702127659576
gemini,107,102,0.9532710280373832
